CameraLocation,Year,Study_Area,Elev,PercForest,GrazingActivity,HuntingActivity,Distance_Focal_Point,Height_frm_grnd,Monitoring,Land_Mgnt,Land_Owner,Allot_Name,Allot_Active,Cattle_Allot,DNR_parcel,Public,USFS_grazing,DNR_grazing,WDFW_grazing,PublicGrazing
NE0675_29,Year3,NE,1184,1,0,0,7.92,1.99,Decommissioned road,Federal,USFS,LOST CREEK,CLOSED,NO,0,1,0,0,0,0
NE0881_81,Year3,NE,877,1,0,0,7.62,1.45,Game trail,Federal,USFS,RUBY CREEK,ACTIVE,YES,0,1,1,0,0,1
NE1380_106,Year2,NE,1171,0.99,0,0,7,1.23,Game trail,Federal,USFS,RUBY CREEK,ACTIVE,YES,0,1,1,0,0,1
NE1483_32,Year1,NE,1105,0.91,0.21,0,4,1.35,Dirt road,Federal,USFS,RUBY CREEK,ACTIVE,YES,0,1,1,0,0,1
NE1487_30,Year1,NE,886,0.96,0.1,0,5.3,1.3,Game trail,Federal,USFS,RUBY CREEK,ACTIVE,YES,0,1,1,0,0,1
NE1538_6,Year2,NE,498,0.53,0,0,3.07,0.69,Decommissioned road,Private,Private,NA,NA,NA,0,0,0,0,0,0
NE1884_81,Year1,NE,1376,0.99,0,0,5.4,0.95,Game trail,Federal,USFS,CAL-TAC,VACANT,NO,0,1,0,0,0,0
NE1945_79,Year2,NE,1215,0.69,0,0,5.67,2.97,Dirt road,State,WA DNR,NA,NA,NA,1,1,0,0,0,0
NE1990_123,Year2,NE,1202,0.96,0,0,1.75,1.75,Decommissioned road,Federal,USFS,RUBY CREEK,ACTIVE,YES,0,1,1,0,0,1
NE1999_69,Year2,NE,844,0.97,0,0,7.32,1.43,Game trail,Federal,USFS,NA,NA,NA,0,1,0,0,0,0
NE2048_23,Year1,NE,1356,0.96,0,0,3.2,2.2,Game trail,State,WA DNR,NA,NA,NA,1,1,0,0,0,0
NE2048_79,Year1,NE,1346,0.97,0,0,5.7,1.16,Game trail,State,WA DNR,NA,NA,NA,1,1,0,0,0,0
NE2278_33,Year3,NE,1044,0.98,0,0,5.36,1.53,Game trail,Federal,LPO,NA,NA,NA,0,1,0,0,0,0
NE2298_30,Year2,NE,792,0.95,0.32,0,6,3.5,Dirt road,Federal,USFS,CUSICK-GARDINER,ACTIVE,YES,0,1,1,0,0,1
NE2354_24,Year1,NE,713,0.3,0,0,3.7,1,Decommissioned road,Private,Private,NA,NA,NA,0,0,0,0,0,0
NE2358_31,Year1,NE,491,0,0,0,5.6,0.7,Game trail,Private,Private,NA,NA,NA,0,0,0,0,0,0
NE2383_120,Year2,NE,1342,0.8,0,0,6,2.27,Decommissioned road,Private,Private timber,NA,NA,NA,0,1,0,0,0,0
NE2450_113,Year3,NE,1040,0.62,0,0,9.3,3.15,Decommissioned road,State,WA DNR,NA,NA,NA,1,1,0,0,0,0
NE2484_66,Year2,NE,1196,0.73,0,0,4.4,1.95,Game trail,Federal,LPO,NA,NA,NA,0,1,0,0,0,0
NE2542_39,Year2,NE,607,0.54,0,0,5.49,1.75,Trail,Private,Private,NA,NA,NA,0,0,0,0,0,0
NE2558_65,Year3,NE,659,0.21,0,0,9.4,2.81,Game trail,State,WA DNR,NA,NA,NA,1,1,0,0,0,0
NE2758_35,Year1,NE,711,0.44,0,0,1.6,0.48,Game trail,Private,Private,NA,NA,NA,0,0,0,0,0,0
NE2775_18,Year2,NE,832,0.67,0,0.04,6.57,1.25,Decommissioned road,Federal,LPO,NA,NA,NA,0,1,0,0,0,0
NE2794_120,Year3,NE,1699,0.45,0,0.05,10,4.8,Dirt road,Private,Private timber,CAL-TAC,VACANT,NO,0,1,0,0,0,0
NE2796_118,Year3,NE,1488,0.84,0,0,9.65,1.57,Game trail,Private,Private timber,CAL-TAC,VACANT,NO,0,1,0,0,0,0
NE2864_20,Year2,NE,633,0.74,0,0.02,6.92,1.35,Game trail,State,WA DNR,NA,NA,NA,1,1,0,0,0,0
NE2878_35,Year2,NE,807,1,0,0,7.32,2.38,Game trail,Federal,LPO,NA,NA,NA,0,1,0,0,0,0
NE2881_9,Year1,NE,713,0.96,0,0,4.75,0.6,Game trail,Federal,LPO,NA,NA,NA,1,1,0,0,0,0
NE2881_9b,Year1,NE,714,0.96,0,0.09,7.5,3.2,Dirt road,Federal,LPO,NA,NA,NA,1,1,0,0,0,0
NE2882_21,Year3,NE,728,0.9,0,0.02,9.87,2.16,Game trail,Federal,LPO,NA,NA,NA,0,1,0,0,0,0
NE2889_81,Year2,NE,1241,0.26,0,0,10.5,2.65,Decommissioned road,Private,Private timber,NA,NA,NA,0,1,0,0,0,0
NE2897_4,Year2,NE,1293,1,0,0,5.31,0.81,Decommissioned road,Federal,USFS,CAL-TAC,VACANT,NO,0,1,0,0,0,0
NE2897_4b,Year3,NE,1293,1,0,0,5.31,0.81,Decommissioned road,Federal,USFS,CAL-TAC,VACANT,NO,0,1,0,0,0,0
NE2898_4,Year1,NE,1243,1,0,0,3.8,0.8,Game trail,Federal,USFS,CAL-TAC,VACANT,NO,0,1,0,0,0,0
NE2902_22,Year1,NE,874,0.86,0,0,6,1.3,Game trail,Federal,USFS,CAL-TAC,VACANT,NO,0,1,0,0,0,0
NE2902_22b,Year1,NE,863,0.96,0,0.15,6.3,2.69,Dirt road,Federal,USFS,CAL-TAC,VACANT,NO,0,1,0,0,0,0
NE2947_12,Year1,NE,747,0,0,0,2.2,0.7,Decommissioned road,Private,Private,NA,NA,NA,0,0,0,0,0,0
NE2952_115,Year1,NE,1007,0.74,0,0.07,3.25,0.45,Dirt road,Private,Private,NA,NA,NA,0,0,0,0,0,0
NE2969_37,Year2,NE,619,0.05,0,0,7.15,1.61,Game trail,Private,Private,NA,NA,NA,0,0,0,0,0,0
NE3000_17,Year1,NE,1159,0.88,0,0,7,1.2,Dirt road,Federal,USFS,CAL-TAC,VACANT,NO,0,1,0,0,0,0
NE3000_48,Year1,NE,1209,0.92,0,0.25,7.5,3.15,Dirt road,Federal,USFS,CAL-TAC,VACANT,NO,0,1,0,0,0,0
NE3003_56,Year2,NE,910,0.94,0,0,5.75,1.76,Decommissioned road,Federal,USFS,CAL-TAC,VACANT,NO,0,1,0,0,0,0
NE3057_54,Year2,NE,914,0.28,0,0,6.24,1.27,Decommissioned road,Private,Private,NA,NA,NA,0,0,0,0,0,0
NE3081_20,Year3,NE,1083,0.61,0,0.02,6.71,2,Game trail,Private,Private timber,NA,NA,NA,0,1,0,0,0,0
NE3109_113,Year1,NE,655,0.55,0,0,5.5,0.6,Dirt road,State,WA DNR,NA,NA,NA,0,1,0,0,0,0
NE3147_40,Year2,NE,472,0.28,0,0,7.99,2.47,Closed road,Private,Private,NA,NA,NA,0,0,0,0,0,0
NE3149_8,Year1,NE,647,0.66,0,0,3.8,2.4,Game trail,Private,Private,NA,NA,NA,0,0,0,0,0,0
NE3248_40,Year1,NE,471,0.39,0,0,5.3,1.55,Game trail,Private,Private,NA,NA,NA,0,0,0,0,0,0
NE3288_60,Year1,NE,891,0.98,0,0.11,3.1,0.8,Game trail,Federal,USFS,N. FORK CHEWELAH CREEK,ACTIVE,NO,0,1,0,0,0,0
NE3309_84,Year3,NE,781,0.23,0,0.09,11.13,1.97,Decommissioned road,Private,Private timber,NA,NA,NA,0,1,0,0,0,0
NE3380_37,Year1,NE,1302,0.71,0,0.3,NA,NA,Decommissioned road,Federal,USFS,TWELVEMILE,ACTIVE,YES,0,1,1,0,0,1
NE3464_10,Year2,NE,907,0.52,0,0,5.52,0.97,Closed road,Private,Private timber,NA,NA,NA,0,1,0,0,0,0
NE3468_15,Year3,NE,646,0.81,0,0.25,7.75,2.75,Dirt road,State,WA DNR,NA,NA,NA,1,1,0,0,0,0
NE3485_66,Year3,NE,904,1,0,0,10.52,1.68,Game trail,Federal,USFS,CLIFF RIDGE,ACTIVE,YES,0,1,1,0,0,1
NE3487_30,Year3,NE,699,0.87,0.05,0,6.55,2.39,Game trail,Federal,USFS,CLIFF RIDGE,ACTIVE,YES,0,1,1,0,0,1
NE3488_118,Year2,NE,813,1,0,0,6.95,1.58,Game trail,Federal,USFS,N. FORK CHEWELAH CREEK,ACTIVE,NO,0,1,0,0,0,0
NE3495_35,Year3,NE,1072,1,0,0,10.97,1.34,Decommissioned road,Federal,USFS,N. FORK CHEWELAH CREEK,ACTIVE,NO,0,1,0,0,0,0
NE3558_69,Year1,NE,1040,0.52,0,0,3.2,1.1,Game trail,Private,Private timber,NA,NA,NA,0,1,0,0,0,0
NE3558_69b,Year1,NE,1040,0.55,0,0,5.41,0.27,Game trail,Private,Private timber,NA,NA,NA,0,1,0,0,0,0
NE3589_60,Year2,NE,743,0.94,0,0,8.52,2.31,Dirt road,Federal,USFS,N. FORK CHEWELAH CREEK,ACTIVE,NO,0,1,0,0,0,0
NE3597_113,Year2,NE,1198,1,0,0,6.33,1.14,Decommissioned road,Federal,USFS,S. FORK CHEWELAH CREEK,ACTIVE,YES,0,1,1,0,0,1
NE3654_88,Year2,NE,605,0.27,0.05,0.21,6.07,2.32,Closed road,Private,Private,NA,NA,NA,0,0,0,0,0,0
NE3661_36,Year1,NE,1286,0.41,0,0,5.9,2.15,Dirt road,Private,Private timber,NA,NA,NA,0,1,0,0,0,0
NE3685_29,Year2,NE,827,0.27,0,0,6.78,2.9,Closed road,Private,Private timber,NA,NA,NA,0,1,0,0,0,0
NE3815_28,Year1,NE,661,0.04,0,0,5,1.3,Game trail,Private,Private timber,NA,NA,NA,0,1,0,0,0,0
NE3877_7,Year1,NE,502,0.01,0,0,4.75,1.5,Game trail,Private,Private,NA,NA,NA,0,0,0,0,0,0
NE3888_Rx6,Year3,NE,761,0.7,0,0,5.2,1.32,Decommissioned road,Private,Private timber,NA,NA,NA,0,1,0,0,0,0
NE3893_29,Year1,NE,869,0.41,0,0,3,0.7,Game trail,Private,Private,NA,NA,NA,0,0,0,0,0,0
NE3903_25,Year1,NE,1430,0.53,0,0,4.4,0.6,Decommissioned road,Private,Private timber,S. FORK CHEWELAH CREEK,ACTIVE,YES,0,1,1,0,0,1
NE3903_25b,Year1,NE,1412,0.57,0,0.28,7,3.31,Dirt road,Federal,USFS,S. FORK CHEWELAH CREEK,ACTIVE,YES,0,1,1,0,0,1
NE4002_106,Year3,NE,1265,1,0,0,4.81,1.46,Game trail,Federal,USFS,S. FORK CHEWELAH CREEK,ACTIVE,YES,0,1,1,0,0,1
NE4016_116,Year1,NE,641,0.81,0,0,1.2,0.5,Game trail,Private,Private,NA,NA,NA,0,0,0,0,0,0
NE4073_6,Year3,NE,1260,0.94,0,0,4.37,1.83,Decommissioned road,State,WA DNR,NA,NA,NA,1,1,0,0,0,0
NE4174_101,Year2,NE,1049,0.9,0,0,6.98,1.53,Decommissioned road,State,WA DNR,NA,NA,NA,1,1,0,0,0,0
NE4276_2,Year3,NE,1090,0.74,0,0,6.89,1.75,Game trail,State,WA DNR,NA,NA,NA,1,1,0,0,0,0
NE4299_94,Year3,NE,976,0.96,0,0,7.98,2.8,Dirt road,Federal,USFS,NA,NA,NA,0,1,0,0,0,0
NE4308_11,Year3,NE,1254,0.48,0,0,8.31,1.09,Closed road,Federal,USFS,CALISPELL CREEK,ACTIVE,YES,0,1,1,0,0,1
NE4379_3,Year2,NE,745,0.46,0,0,7.32,1.95,Game trail,Private,Private,NA,NA,NA,0,0,0,0,0,0
NE4400_48,Year3,NE,983,1,0,0,6.4,1,Decommissioned road,Federal,USFS,NA,NA,NA,0,1,0,0,0,0
NE4405_83,Year3,NE,1171,0.6,0,0,8.07,1.22,Decommissioned road,Federal,USFS,NA,NA,NA,0,1,0,0,0,0
NE4422_114,Year2,NE,724,0.61,0,0.21,7.81,2.62,Closed road,Private,Private,NA,NA,NA,0,0,0,0,0,0
NE4425_116,Year2,NE,633,0.62,0.46,0,5.32,1.44,Game trail,Private,Private,NA,NA,NA,0,0,0,0,0,0
NE4470_23,Year2,NE,978,0.46,0,0,5.13,1.67,Game trail,Private,Private,NA,NA,NA,0,0,0,0,0,0
NE4477_37,Year3,NE,742,0.47,0,0,4.7,0.95,Decommissioned road,Private,Private,NA,NA,NA,0,0,0,0,0,0
NE4485_14,Year1,NE,668,0.57,0,0,2.8,0.6,Game trail,Private,Private,NA,NA,NA,0,0,0,0,0,0
NE4498_21,Year1,NE,721,0.2,0,0,9.8,1.5,Game trail,Private,Private,NA,NA,NA,0,0,0,0,0,0
NE4523_114,Year1,NE,702,0.82,0,0.02,6.6,2.5,Game trail,Private,Private,NA,NA,NA,0,0,0,0,0,0
NE4672_82,Year2,NE,1006,0.66,0,0,4.91,0.64,Game trail,Private,Private timber,NA,NA,NA,0,1,0,0,0,0
NE4725_9,Year3,NE,627,0.47,0,0,4.84,1.52,Game trail,Private,Private,NA,NA,NA,0,0,0,0,0,0
NE4771_95,Year1,NE,991,0.58,0,0,4.9,1.3,Closed road,Private,Private timber,NA,NA,NA,0,1,0,0,0,0
NE4774_34,Year3,NE,972,0.7,0,0.05,7.27,2.38,Dirt road,State,WA DNR,NA,NA,NA,1,1,0,1,0,1
NE4780_115,Year3,NE,937,0.17,0,0.02,6.2,2.54,Decommissioned road,Private,Private timber,NA,NA,NA,0,1,0,0,0,0
NE4882_5,Year2,NE,1168,0.16,0,0,7.6,2.11,Dirt road,Private,Private timber,NA,NA,NA,0,1,0,0,0,0
NE4891_5,Year1,NE,763,0.96,0,0.04,5,1.5,Dirt road,Federal,BLM,NA,NA,NA,0,1,0,0,0,0
NE4931_Rx2,Year3,NE,677,0.31,0,0,5.73,1.35,Game trail,Private,Private,NA,NA,NA,0,0,0,0,0,0
NE5012_54,Year3,NE,1053,0.99,0,0.18,5.11,0.69,Trail,Federal,USFS,NA,NA,NA,0,1,0,0,0,0
NE5022_56,Year1,NE,970,0.89,0,0.34,7.1,0.9,Dirt road,Federal,USFS,CALISPELL CREEK,ACTIVE,YES,0,1,1,0,0,1
NE5094_10,Year1,NE,745,0.45,0,0,1.6,6,Game trail,Private,Private,NA,NA,NA,0,0,0,0,0,0
NE5094_10b,Year1,NE,754,0.42,0,0,3.5,0.7,Dirt road,Private,Private,NA,NA,NA,0,0,0,0,0,0
NE5194_74,Year3,NE,715,0.46,0,0,5.17,2.29,Decommissioned road,State,WA DNR,NA,NA,NA,1,1,0,0,0,0
NE5240_Rx10,Year3,NE,746,0.41,0,0.02,5.91,1.73,Decommissioned road,Private,Private timber,NA,NA,NA,0,1,0,0,0,0
NE5305_84,Year2,NE,557,0.39,0,0,8.47,1.73,Game trail,Private,Private,NA,NA,NA,0,0,0,0,0,0
NE5314_13,Year3,NE,1053,0.25,0,0,7.54,1.17,Closed road,Private,Private timber,NA,NA,NA,0,1,0,0,0,0
NE5337_15,Year2,NE,789,0.63,0,0,3.57,0.93,Game trail,Private,Private,NA,NA,NA,0,0,0,0,0,0
NE5345_3,Year1,NE,865,0.66,0,0,3.5,0.5,Game trail,Private,Private,NA,NA,NA,0,0,0,0,0,0
NE5345_82,Year1,NE,866,0.46,0,0,4.9,0.6,Game trail,Private,Private,NA,NA,NA,0,0,0,0,0,0
NE5372_130,Year3,NE,500,0.35,0,0,7.87,2.52,Game trail,Private,Private timber,NA,NA,NA,0,1,0,0,0,0
NE5383_27,Year1,NE,1142,0.62,0,0,7.3,0.85,Dirt road,Private,Private timber,NA,NA,NA,0,1,0,0,0,0
NE5397_11,Year1,NE,622,0.6,0,0,7.25,1.9,Game trail,Private,Private,NA,NA,NA,0,0,0,0,0,0
NE5400_Rx5,Year3,NE,917,0.01,0,0,9.37,1.77,Closed road,State,WA DNR,NA,NA,NA,1,1,0,0,0,0
NE5432_56,Year3,NE,909,0.15,0,0.09,9.11,2.79,Decommissioned road,Private,Private timber,NA,NA,NA,0,1,0,0,0,0
NE5443_69,Year3,NE,849,0.32,0,0.27,8.47,3.01,Dirt road,Private,Private timber,NA,NA,NA,0,1,0,0,0,0
NE5511_54,Year1,NE,669,0.62,0,0,2.95,0.9,Dirt road,Private,Private,NA,NA,NA,0,0,0,0,0,0
NE5593_27,Year3,NE,914,0.76,0,0.11,2.29,7.92,Dirt road,Federal,BLM,NA,NA,NA,0,1,0,0,0,0
NE5627_48,Year2,NE,1492,0.64,0,0.02,7.55,1.11,Decommissioned road,Private,Private timber,NA,NA,NA,0,1,0,0,0,0
NE5627_94,Year2,NE,1439,0.85,0,0,5.58,2.41,Decommissioned road,Private,Private timber,NA,NA,NA,0,1,0,0,0,0
NE5645_2,Year2,NE,878,0.33,0,0,5.19,0.6,Decommissioned road,Private,Private,NA,NA,NA,0,0,0,0,0,0
NE5684_13,Year2,NE,1011,0.22,0,0,6.15,1.42,Decommissioned road,State,WA DNR,NA,NA,NA,1,1,0,0,0,0
NE5702_13,Year1,NE,636,0.71,0,0,3.6,1.15,Game trail,Private,Private,NA,NA,NA,1,0,0,0,0,0
NE5736_6,Year1,NE,745,0.95,0,0,4.75,1.75,Decommissioned road,Private,Private,NA,NA,NA,0,0,0,0,0,0
NE5737_101,Year3,NE,709,0.24,0,0,8.48,1.51,Decommissioned road,Private,Private,NA,NA,NA,0,0,0,0,0,0
NE5740_15,Year1,NE,772,0.83,0,0.39,5.3,1.1,Dirt road,Private,Private timber,NA,NA,NA,0,1,0,0,0,0
NE5814_18,Year1,NE,855,0.13,0,0,5.25,1.1,Game trail,Private,Private,NA,NA,NA,0,0,0,0,0,0
NE5830_83,Year2,NE,1183,0.13,0,0.05,7.6,2.28,Closed road,Private,Private timber,NA,NA,NA,0,1,0,0,0,0
NE5846_2,Year1,NE,739,0.71,0,0,6.5,0.8,Game trail,Private,Private,NA,NA,NA,0,0,0,0,0,0
NE5853_20,Year1,NE,742,0.43,0,0,6,0.85,Dirt road,Private,Private,NA,NA,NA,0,0,0,0,0,0
NE5884_39,Year3,NE,877,0.34,2.85,0.12,5.65,2.69,Decommissioned road,State,WA DNR,NA,NA,NA,1,1,0,1,0,1
NE5891_8,Year2,NE,1160,0.91,0,0,7.44,2.6,Dirt road,Federal,BLM,NA,NA,NA,0,1,0,0,0,0
NE5920_8,Year3,NE,969,0.83,0,0,7.16,2.74,Closed road,Private,Private timber,NA,NA,NA,0,1,0,0,0,0
NE5920_8b,Year3,NE,972,0.84,0,0,10,5.5,Closed road,Private,Private timber,NA,NA,NA,0,1,0,0,0,0
NE5921_26,Year1,NE,1054,0.81,0,0.05,5.5,3.3,Dirt road,Private,Private timber,NA,NA,NA,0,1,0,0,0,0
NE5938_11,Year2,NE,729,0.27,0,0,6.36,1.67,Decommissioned road,Private,Private timber,NA,NA,NA,0,1,0,0,0,0
NE6019_33,Year1,NE,1040,0.22,0,0,7,0.47,Dirt road,Private,Private timber,NA,NA,NA,1,1,0,0,0,0
NE6025_119,Year1,NE,910,0.9,0,0,3.7,0.45,Game trail,Private,Private timber,NA,NA,NA,0,1,0,0,0,0
NE6078_131,Year2,NE,601,0,0,0,9.06,2.44,Game trail,Private,Private,NA,NA,NA,0,0,0,0,0,0
NE6090_22,Year3,NE,1359,0,0,0,8.71,3,Closed road,Private,Private timber,NA,NA,NA,0,1,0,0,0,0
NE6141_Rx15,Year3,NE,763,0.9,0,0.14,5.8,2.44,Dirt road,State,WA DNR,NA,NA,NA,1,1,0,0,0,0
NE6230_25,Year2,NE,839,0.61,0,0.09,8.26,2.63,Closed road,Private,Private timber,NA,NA,NA,0,1,0,0,0,0
NE6235_22,Year2,NE,756,0.42,0,0.04,6.35,0.85,Dirt road,Private,Private timber,NA,NA,NA,0,1,0,0,0,0
NE6248_1,Year1,NE,726,0.54,0,0,4.6,1.8,Dirt road,Private,Private,NA,NA,NA,0,0,0,0,0,0
NE6304_82,Year3,NE,746,0.74,0,0.2,6,2.39,Decommissioned road,State,WA DNR,NA,NA,NA,1,1,0,0,0,0
NE6321_21,Year2,NE ,912,0.3,0,0.21,6.23,1.24,Dirt road,Private,Private timber,NA,NA,NA,0,1,0,0,0,0
NE6324_34,Year2,NE ,778,0.64,0,0,5.12,1.87,Game trail,Federal,LPO,NA,NA,NA,0,1,0,0,0,0
NE6392_131,Year3,NE,1264,0,0,0.02,7.92,2.41,Game trail,Private,Private timber,NA,NA,NA,0,1,0,0,0,0
NE6422_33,Year2,NE,781,0.61,0,0,4.97,0.83,Closed road,Private,Private timber,NA,NA,NA,0,1,0,0,0,0
NE6482_88,Year3,NE,561,0.06,0,0,3.83,0.94,Decommissioned road,Private,Private,NA,NA,NA,0,0,0,0,0,0
NE6491_34,Year1,NE,926,0.02,0,0,13.6,1.5,Dirt road,Federal,BLM,NA,NA,NA,0,1,0,0,0,0
NE6528_27,Year2,NE,955,0.54,0,0.02,4.4,1.55,Decommissioned road,Private,Private timber,NA,NA,NA,0,1,0,0,0,0
NE6598_95,Year2,NE,904,0.56,0,0,5.24,2.84,Decommissioned road,Private,Private timber,NA,NA,NA,0,1,0,0,0,0
NE6684_130,Year2,NE,936,0.23,0.2,0,6.46,2.19,Decommissioned road,Private,Private,NA,NA,NA,0,0,0,0,0,0
NE6685_85,Year1,NE,931,0.29,1.91,0,2,2.5,Game trail,State,WA DNR,NA,NA,NA,1,1,0,1,0,1
NE6789_23,Year3,NE,935,0.12,0,0,3.76,1,Game trail,Private,Private timber,NA,NA,NA,0,1,0,0,0,0
NE6805_91,Year3,NE,956,0.21,0,0.09,10.01,3.3,Closed road,Private,Private timber,NA,NA,NA,0,1,0,0,0,0
NE6820_114,Year3,NE,686,0.29,0,0,5.02,1.79,Decommissioned road,Private,Private,NA,NA,NA,0,0,0,0,0,0
NE6928_40,Year3,NE,900,0.17,0,0.07,7.42,3.06,Closed road,State,Private timber,NA,NA,NA,0,1,0,0,0,0
NE7037_119,Year2,NE,785,0.56,0,0,6.84,1.54,Game trail,Private,Private,NA,NA,NA,0,0,0,0,0,0
NE7103_65,Year2,NE,804,0.42,0,0.21,5.4,2.88,Dirt road,Private,Private timber,NA,NA,NA,0,1,0,0,0,0
NE7115_28,Year2,NE,687,0.66,0,0,11.6,2.52,Game trail,State,WA DNR,NA,NA,NA,1,1,0,0,0,0
NE7141_39,Year1,NE,757,0.02,0,0,4.1,1.15,Game trail,State,WA DNR,NA,NA,NA,1,1,0,0,0,0
NE7302_84,Year1,NE,1113,0.01,0,0.14,4.2,3,Dirt road,State,WA DNR,NA,NA,NA,1,1,0,0,0,0
NE7321_116,Year3,NE,611,0.29,0,0,5.59,2.08,Game trail,Private,Private,NA,NA,NA,0,0,0,0,0,0
NE7394_117,Year1,NE,826,0.32,0.81,0,1.73,2.14,Game trail,Private,Private,NA,NA,NA,0,0,0,0,0,0
NE7412_28,Year3,NE,777,0.41,0,0.05,7.5,2.59,Decommissioned road,State,WA DNR,NA,NA,NA,1,1,0,0,0,0
NE7422_115,Year2,NE,606,0.55,0.3,0,5.16,1.98,Game trail,Private,Private,NA,NA,NA,0,0,0,0,0,0
NE7435_18,Year3,NE,784,0.61,0,0,9.21,1.83,Game trail,Private,Private,NA,NA,NA,0,0,0,0,0,0
NE7479_9,Year2,NE,430,0.78,0,0.2,10.4,2.12,Decommissioned road,State,WA DNR,NA,NA,NA,0,1,0,0,0,0
NE7511_95,Year3,NE,712,0.6,0,0,4.66,1.52,Game trail,State,WA DNR,NA,NA,NA,1,1,0,0,0,0
NE7602_118,Year1,NE,1157,0.01,0,0.02,3.51,2,Dirt road,State,WA DNR,NA,NA,NA,1,1,0,0,0,0
OK0635_D,Year3,OK,1762,0,0.01,0,6.79,3.03,Game trail,Federal,USFS,TOATS COULEE,ACTIVE,YES,0,1,1,0,0,1
OK1186_51,Year3,OK,1437,0.01,0.03,0.07,4.91,2.61,Closed road,Federal,USFS,NA,NA,NA,0,1,0,0,0,0
OK1404_24,Year2,OK,1747,0.34,0,0,7.75,2.31,Trail,Federal,USFS,TOATS COULEE,ACTIVE,YES,0,1,1,0,0,1
OK1474_49,Year1,OK,1837,0.85,0,0,4.1,1.8,Game trail,Federal,USFS,CUB,ACTIVE,YES,0,1,1,0,0,1
OK1487_103,Year3,OK,846,0.22,0,0.39,9.23,1.41,Game trail,Federal,USFS,NA,NA,NA,0,1,0,0,0,0
OK1790_85,Year2,OK,1899,0.04,0,0,5.93,2.6,Game trail,Federal,USFS,TOATS COULEE,ACTIVE,YES,0,1,1,0,0,1
OK1790_85b,Year3,OK,1899,0.01,0,0,3.55,1.49,Game trail,Federal,USFS,TOATS COULEE,ACTIVE,YES,0,1,1,0,0,1
OK1954_75,Year3,OK,1997,0,0,0,6.17,2.87,Game trail,Federal,USFS,CUB,ACTIVE,YES,0,1,1,0,0,1
OK1979_107,Year2,OK,2004,0,0,0,7.25,3.15,Game trail,Federal,USFS,TOATS COULEE,ACTIVE,YES,0,1,1,0,0,1
OK2051_38,Year1,OK,1539,0.13,0,0,6.5,2.41,Decommissioned road,Federal,USFS,CUB,ACTIVE,YES,0,1,1,0,0,1
OK2076_19,Year2,OK,2041,0,0,0,5.98,3.09,Game trail,Federal,USFS,TIFFANY,CLOSED,NO,0,1,0,0,0,0
OK2077_24,Year3,OK,2088,0.1,0,0,8.51,2.48,Game trail,Federal,USFS,TIFFANY,CLOSED,NO,0,1,0,0,0,0
OK2145_112,Year2,OK,1454,0.02,0,0.07,4.65,2.39,Trail,Federal,USFS,CUB,ACTIVE,YES,0,1,1,0,0,1
OK2165_74,Year2,OK,1692,0.02,0,0,8.5,2.19,Game trail,Federal,USFS,EAST CHEWACK,VACANT,NO,0,1,0,0,0,0
OK2169_112,Year1,OK,1919,0,0,0,2.9,1.05,Game trail,Federal,USFS,TIFFANY,CLOSED,NO,0,1,0,0,0,0
OK2238_44,Year3,OK,1745,0.01,0,0,5.39,2.51,Game trail,Federal,USFS,CUB,ACTIVE,YES,0,1,1,0,0,1
OK2264_110,Year1,OK,2024,0.02,0,0,5,0.85,Game trail,Federal,USFS,TIFFANY,CLOSED,NO,0,1,0,0,0,0
OK2329_19,Year1,OK,1616,0.55,0.16,0.12,3.5,0.4,Dirt road,Federal,USFS,GOAT,ACTIVE,YES,0,1,1,0,0,1
OK2427_19,Year3,OK,1817,0.06,0.01,0,10.23,2.99,Game trail,Federal,USFS,GOAT,ACTIVE,YES,0,1,1,0,0,1
OK2428_120,Year1,OK,1611,0.19,0.35,0.05,6.8,2.6,Dirt road,Federal,USFS,GOAT,ACTIVE,YES,0,1,1,0,0,1
OK2436_93,Year2,OK,1548,0.05,0.04,0,6.5,3.03,Decommissioned road,Federal,USFS,CUB,ACTIVE,YES,0,1,1,0,0,1
OK2448_124,Year1,OK,924,0.65,0,0.04,4.7,2.25,Dirt road,Federal,USFS,EAST CHEWACK,VACANT,NO,0,1,0,0,0,0
OK2453_59,Year2,OK,1809,0,0,0,6.35,2.9,Game trail,Federal,USFS,EAST CHEWACK,VACANT,NO,0,1,0,0,0,0
OK2457_44,Year2,OK,1802,0.1,0,0.04,8.75,3.86,Decommissioned road,Federal,USFS,TIFFANY,CLOSED,NO,0,1,0,0,0,0
OK2502_100,Year3,OK,1861,0.66,0,0,9.08,2.44,Game trail,Federal,USFS,HARTS PASS,VACANT,NO,0,1,0,0,0,0
OK2504_92,Year3,OK,1584,0,0,0,7.32,2.51,Game trail,Federal,USFS,HARTS PASS,VACANT,NO,0,1,0,0,0,0
OK2519_31,Year3,OK,1479,0.24,0.06,0,8.84,2.8,Game trail,Federal,USFS,GOAT,ACTIVE,YES,0,1,1,0,0,1
OK2525_16,Year2,OK,1613,0.01,0,0.02,4.1,2.93,Decommissioned road,Federal,USFS,GOAT,ACTIVE,YES,0,1,1,0,0,1
OK2720_16,Year3,OK,1141,0.83,0,0,10.3,1.98,Game trail,Federal,USFS,CUB,ACTIVE,YES,0,1,1,0,0,1
OK2737_121,Year1,OK,1332,0.97,0,0,4,0.7,Game trail,Federal,USFS,EAST CHEWACK,VACANT,NO,0,1,0,0,0,0
OK2749_59,Year1,OK,1922,0,0,0,4.63,0.7,Game trail,Federal,USFS,TIFFANY,CLOSED,NO,0,1,0,0,0,0
OK2820_100,Year2,OK,1331,0.43,0.2,0,6.5,2.53,Dirt road,Federal,USFS,CUB,ACTIVE,YES,0,1,1,0,0,1
OK2822_107,Year1,OK,1475,0.4,0,0,5,2.4,Game trail,Federal,USFS,CUB,ACTIVE,YES,0,1,1,0,0,1
OK2823_26,Year2,OK,1188,0.73,0.71,0.09,6.95,3.26,Dirt road,Federal,USFS,CUB,ACTIVE,YES,0,1,1,0,0,1
OK2838_44,Year1,OK,1731,0.04,0,0,4.6,2.4,Game trail,Federal,USFS,EAST CHEWACK,VACANT,NO,0,1,0,0,0,0
OK2929_93,Year1,OK,1621,0.7,0,0,4,1.53,Game trail,Federal,USFS,EAST CHEWACK,VACANT,NO,0,1,0,0,0,0
OK3019_111,Year1,OK,814,0.89,0,0,5.25,0.55,Game trail,Federal,USFS,CUB,ACTIVE,YES,0,1,1,0,0,1
OK3021_46,Year3,OK,677,0.75,0,0,5.17,2.17,Game trail,Federal,USFS,NA,NA,NA,0,1,0,0,0,0
OK3045_52,Year3,OK,1623,0.85,0.82,0.07,10.56,2.78,Dirt road,Federal,USFS,CLARK,ACTIVE,YES,0,1,1,0,0,1
OK3047_77,Year3,OK,1318,0.91,0.41,0.12,7.18,0.91,Decommissioned road,Federal,USFS,CLARK,ACTIVE,YES,0,1,1,0,0,1
OK3112_122,Year2,OK,1141,0.43,0.04,0.05,6.45,2.03,Game trail,Federal,USFS,CUB,ACTIVE,YES,0,1,1,0,0,1
OK3135_38,Year3,OK,1848,0,0.43,0,5.24,2.9,Game trail,Federal,USFS,RYAN,ACTIVE,YES,0,1,1,0,0,1
OK3236_110,Year3,OK,1300,0.61,3.3,0.09,7.3,0.91,Dirt road,Federal,USFS,B.S.,ACTIVE,YES,0,1,1,0,0,1
OK3304_122,Year1,OK,989,0,0.07,0,4.6,2.1,Game trail,Federal,USFS,NA,NA,NA,0,1,0,0,0,0
OK3408_90,Year2,OK,1113,0.07,0,0.02,10.82,1.78,Decommissioned road,Federal,USFS,NA,NA,NA,0,1,0,0,0,0
OK3410_75,Year2,OK,1252,0.01,0,0,7.41,3.58,Game trail,Federal,USFS,NA,NA,NA,0,1,0,0,0,0
OK3428_99,Year3,OK,1134,0.74,1.24,0,7.12,1.08,Game trail,Federal,USFS,B.S.,ACTIVE,YES,0,1,1,0,0,1
OK3485_50,Year2,OK,684,0.99,0,0,6.35,2.16,Game trail,Federal,USFS,BOULDER,CLOSED,NO,0,1,0,0,0,0
OK3562_132,Year2,OK,1667,0.6,0,0,5.14,2.13,Game trail,Federal,USFS,NA,NA,NA,0,1,0,0,0,0
OK3576_47,Year3,OK,1762,0.29,0,0,7.88,2.52,Game trail,Federal,USFS,NA,NA,NA,0,1,0,0,0,0
OK3576_51,Year1,OK,1759,0.6,0,0,7.8,0.58,Game trail,Federal,USFS,NA,NA,NA,0,1,0,0,0,0
OK3599_68,Year1,OK,1190,0.03,0,0,4.8,1.3,Game trail,Federal,USFS,RAMSEY,ACTIVE,YES,0,1,1,0,0,1
OK3667_92,Year1,OK,1365,0.64,0,0.06,6,0.9,Trail,Federal,USFS,NA,NA,NA,0,1,0,0,0,0
OK3688_124,Year3,OK,868,0,0,0,12.42,2.03,Game trail,State,WDFW,NA,NA,NA,0,1,0,0,0,0
OK3712_110,Year2,OK,1268,0.19,1.08,0.12,6.41,2.3,Dirt road,Federal,USFS,SALMON BASIN,ACTIVE,YES,0,1,1,0,0,1
OK3725_78,Year1,OK,856,0,0,0.02,2.8,0.9,Game trail,State,WDFW,NA,NA,NA,0,1,0,0,0,0
OK3733_14,Year3,OK,725,0,0.16,0,8.81,1.47,Game trail,State,WDFW,NA,NA,NA,0,1,0,0,1,1
OK3778_92,Year2,OK,661,0.06,0,0,6.52,1.85,Game trail,Federal,USFS,NA,NA,NA,0,1,0,0,0,0
OK3786_55,Year3,OK,902,0,0,0,8.4,1.05,Game trail,State,WDFW,NA,NA,NA,0,1,0,0,0,0
OK3792_68,Year2,OK,1121,0.15,0.12,0.07,6.41,2.42,Dirt road,Federal,USFS,RAMSEY,ACTIVE,YES,0,1,1,0,0,1
OK3877_57,Year2,OK,973,0.13,0,0,4.48,1.71,Game trail,State,WA DNR,NA,NA,NA,1,1,0,1,0,1
OK3901_1,Year3,OK,1928,0,0,0,4.57,2.32,Game trail,Federal,USFS,BEAVER,ACTIVE,YES,0,1,1,0,0,1
OK3908_55,Year2,OK,1140,0.47,0.46,0.04,6.32,1.8,Game trail,Federal,USFS,SALMON BASIN,ACTIVE,YES,0,1,1,0,0,1
OK3913_102,Year1,OK,812,0.29,0.15,0,8,2.65,Dirt road,State,WA DNR,NA,NA,NA,1,1,0,1,0,1
OK3940_47,Year2,OK,2149,0.01,0,0,8.68,2.26,Game trail,Federal,USFS,NA,NA,NA,0,1,0,0,0,0
OK3990_49,Year2,OK,1550,0.04,0.02,0,5.64,2.19,Decommissioned road,Federal,USFS,RAMSEY,ACTIVE,YES,0,1,1,0,0,1
OK4005_122,Year3,OK,1126,0.27,0.26,0,7.81,2.03,Game trail,Federal,USFS,SALMON BASIN,ACTIVE,YES,0,1,1,0,0,1
OK4093_88,Year1,OK,1759,0,0,0.04,5.75,2.21,Game trail,Federal,USFS,BEAVER,ACTIVE,YES,0,1,1,0,0,1
OK4095_45,Year3,OK,1791,0,0.02,0,4.97,2.64,Trail,Federal,USFS,BEAVER,ACTIVE,YES,0,1,1,0,0,1
OK4108_89,Year1,OK,1072,0.25,0.07,0.02,7.7,0.49,Game trail,Federal,BLM,NA,NA,NA,0,1,0,0,0,0
OK4132_42,Year1,OK,1429,0.98,0,0,11.6,0.55,Trail,Federal,USFS,NA,NA,NA,0,1,0,0,0,0
OK4182_91,Year2,OK,1789,0,0,0,6.27,2.29,Game trail,Federal,USFS,RAMSEY,ACTIVE,YES,0,1,1,0,0,1
OK4190_63,Year1,OK,1788,0,0,0.07,2.4,0.7,Game trail,Federal,USFS,BEAVER,ACTIVE,YES,0,1,1,0,0,1
OK4196_55,Year1,OK,1492,0,0,0,4.9,1.8,Game trail,Federal,USFS,SALMON BASIN,ACTIVE,YES,0,1,1,0,0,1
OK4285_62,Year2,OK,1622,0,0,0,5.72,2.34,Game trail,Federal,USFS,BEAVER,ACTIVE,YES,0,1,1,0,0,1
OK4295_47,Year1,OK,1072,0.4,0.26,0,3.4,1.13,Decommissioned road,Federal,USFS,SALMON BASIN,ACTIVE,YES,0,1,1,0,0,1
OK4306_78,Year2,OK,683,0,0,0,10.42,1.4,Game trail,State,WDFW,NA,NA,NA,0,1,0,0,1,1
OK4361_107,Year3,OK,571,0.04,0,0,6.31,3.33,Game trail,State,WDFW,NA,NA,NA,0,1,0,0,0,0
OK4382_72,Year2,OK,1644,0.02,0,0,9.14,2.15,Game trail,Federal,USFS,BEAVER,ACTIVE,YES,0,1,1,0,0,1
OK4473_26,Year3,OK,1236,0,0,0,5.8,1.96,Game trail,Federal,USFS,BEAVER,ACTIVE,YES,0,1,1,0,0,1
OK4480_67,Year3,OK,1719,0,0.07,0,6.13,2.51,Dirt road,Federal,USFS,BEAVER,ACTIVE,YES,0,1,1,0,0,1
OK4489_102,Year2,OK,1174,0.04,0,0.02,6.58,2.68,Dirt road,State,WA DNR,NA,NA,NA,1,1,0,1,0,1
OK4494_87,Year1,OK,1235,0.01,0,0,3.6,1.2,Game trail,Federal,BLM,NA,NA,NA,0,1,0,0,0,0
OK4499_E,Year3,OK,752,0,0,0.75,13.15,1.45,Decommissioned road,State,WDFW,NA,NA,NA,0,1,0,0,1,1
OK4505_83,Year1,OK,466,0,0,0,6.5,2.4,Game trail,Private,Private,NA,NA,NA,0,0,0,0,0,0
OK4561_86,Year2,OK,851,0,0,0,5.59,1.34,Game trail,State,WDFW,NA,NA,NA,0,1,0,0,1,1
OK4563_112,Year3,OK,1138,0,0,0,4.2,1.75,Game trail,State,WDFW,NA,NA,NA,0,1,0,0,0,0
OK4574_63,Year2,OK,1536,0.28,0.07,0.04,8,2.41,Dirt road,Federal,USFS,BEAVER,ACTIVE,YES,0,1,1,0,0,1
OK4592_124,Year2,OK,573,0.01,0,0,4.27,2.34,Game trail,Private,Private,NA,NA,NA,0,0,0,0,0,0
OK4602_121,Year2,OK,403,0.02,0,0,5.62,1.19,Decommissioned road,Private,Private,NA,NA,NA,0,0,0,0,0,0
OK4636_53,Year1,OK,1441,0,0,0,4.9,2,Game trail,Federal,USFS,LITTLE BRIDGE,ACTIVE,YES,0,1,1,0,0,1
OK4655_74,Year1,OK,749,0,0,0,5.3,0.3,Game trail,State,WA DNR,NA,NA,NA,1,1,0,1,0,1
OK4678_72,Year3,OK,1266,0.39,0.9,0.16,5.89,2.64,Closed road,Federal,USFS,SALMON BASIN,ACTIVE,YES,0,1,1,0,0,1
OK4723_49,Year3,OK,1682,0,0,0,3.88,2.96,Game trail,Federal,USFS,NA,NA,NA,0,1,0,0,0,0
OK4724_42,Year2,OK,1493,0.51,0,0,5.69,2.81,Game trail,Federal,USFS,NA,NA,NA,0,1,0,0,0,0
OK4751_12,Year3,OK,624,0,0,0,4.42,0.43,Game trail,Private,Private,NA,NA,NA,0,0,0,0,0,0
OK4758_43,Year3,OK,1293,0,1.04,0.36,6.91,1.98,Decommissioned road,Federal,USFS,BEAVER,ACTIVE,YES,0,1,1,0,0,1
OK4769_125,Year2,OK,1628,0.49,0,0,4.95,2.65,Game trail,Federal,USFS,BEAVER,ACTIVE,YES,0,1,1,0,0,1
OK4785_78,Year3,OK,595,0,0,0,4.37,2.89,Game trail,State,WA DNR,NA,NA,NA,1,1,0,1,0,1
OK4794_71,Year1,OK,407,0,0,0,1,0.1,Game trail,State,WA DNR,NA,NA,NA,1,1,0,1,0,1
OK4836_14,Year2,OK,1155,0.81,0,0.12,8,1.82,Decommissioned road,Federal,USFS,WOLF,ACTIVE,YES,0,1,1,0,0,1
OK4865_67,Year1,OK,1507,0.87,0.66,0.07,6.9,1.9,Game trail,Federal,USFS,BEAVER,ACTIVE,YES,0,1,1,0,0,1
OK4880_94,Year1,OK,1111,0.16,1.59,0.16,10.5,0.5,Dirt road,State,WA DNR,NA,NA,NA,1,1,0,1,0,1
OK4885_91,Year1,OK,549,0,0,0,3.1,0.3,Game trail,State,WDFW,NA,NA,NA,0,1,0,0,0,0
OK4944_96,Year2,OK,643,0.01,0,0,4.7,0.8,Game trail,Private,Private,NA,NA,NA,0,0,0,0,0,0
OK4945_93,Year3,OK,744,0.03,0,1.79,5.9,2.57,Decommissioned road,State,WDFW,NA,NA,NA,0,1,0,0,1,1
OK4962_67,Year2,OK,1453,0.52,0.46,0.11,9.61,1.93,Dirt road,Federal,USFS,BEAVER,ACTIVE,YES,0,1,1,0,0,1
OK4965_96,Year1,OK,1748,0.02,0,0,5.45,3.07,Game trail,State,WA DNR,NA,NA,NA,1,1,0,1,0,1
OK4986_70,Year2,OK,390,0,0,0,4.79,1.51,Game trail,Private,Private,NA,NA,NA,0,0,0,0,0,0
OK4990_58,Year1,OK,336,0,0,0,3.5,0.52,Game trail,Private,Private,NA,NA,NA,0,0,0,0,0,0
OK5020_97,Year1,OK,1808,0.01,0,0.02,3.6,1.1,Game trail,Federal,USFS,LITTLE BRIDGE,ACTIVE,YES,0,1,1,0,0,1
OK5056_65,Year1,OK,1455,0.65,0.01,0.34,5.3,2.25,Dirt road,Federal,USFS,BEAVER,ACTIVE,YES,0,1,1,0,0,1
OK5104_90,Year3,OK,1540,0.01,0,0,4.3,2.39,Game trail,Federal,USFS,NA,NA,NA,0,1,0,0,0,0
OK5141_96,Year3,OK,716,0.01,0.06,0.64,8.1,1.31,Dirt road,State,WDFW,NA,NA,NA,0,1,0,0,0,0
OK5215_63,Year3,OK,1109,0.49,0,1.05,7.48,2.31,Dirt road,Federal,USFS,LITTLE BRIDGE,ACTIVE,YES,0,1,1,0,0,1
OK5298_89,Year2,OK,1658,0,0,0,5.05,2.77,Game trail,Federal,USFS,NA,NA,NA,0,1,0,0,0,0
OK5309_75,Year1,OK,1397,0.2,0,0,3,2.4,Game trail,Federal,USFS,LITTLE BRIDGE,ACTIVE,YES,0,1,1,0,0,1
OK5311_43,Year2,OK,1187,0.64,0,0,5.4,2.49,Game trail,Federal,USFS,LITTLE BRIDGE,ACTIVE,YES,0,1,1,0,0,1
OK5332_73,Year3,OK,785,0,0,0,2.43,1.52,Game trail,State,WA DNR,NA,NA,NA,1,1,0,1,0,1
OK5334_100,Year1,OK,691,0,0,0,2.4,0.55,Game trail,State,WDFW,NA,NA,NA,0,1,0,0,0,0
OK5352_76,Year3,OK,1001,0,1.01,0.04,10.7,1.64,Dirt road,State,WA DNR,NA,NA,NA,1,1,0,1,0,1
OK5453_50,Year1,OK,874,0.01,0,0,6.1,1.25,Game trail,Private,Private,NA,NA,NA,0,0,0,0,0,0
OK5552_103,Year1,OK,987,0.01,0,0,8.6,1.8,Game trail,Private,Private,NA,NA,NA,0,0,0,0,0,0
OK5599_58,Year2,OK,1140,0.77,0,0.23,7.8,2.45,Game trail,Federal,USFS,LITTLE BRIDGE,ACTIVE,YES,0,1,1,0,0,1
OK5637_70,Year1,OK,1291,0.62,0.02,0.02,8.3,1.25,Game trail,State,WA DNR,NA,NA,NA,1,1,0,1,0,1
OK5641_41,Year3,OK,948,0.01,0.02,0.04,10.03,2.15,Dirt road,State,WA DNR,NA,NA,NA,1,1,0,1,0,1
OK5700_108,Year1,OK,1007,0.97,0,0.02,3.4,3,Dirt road,Federal,USFS,LOOKOUT MOUNTAIN,ACTIVE,YES,0,1,1,0,0,1
OK5719_96,Year2,OK,569,0.01,0,0,2.54,0.78,Game trail,Private,Private,NA,NA,NA,0,0,0,0,0,0
OK5899_108,Year2,OK,854,0.7,0.36,0.23,6.81,1.73,Decommissioned road,Federal,USFS,LOOKOUT MOUNTAIN,ACTIVE,YES,0,1,1,0,0,1
OK5917_117,Year2,OK,1346,0,0,0.04,7.85,2.3,Decommissioned road,Federal,USFS,FINLEY,ACTIVE,YES,0,1,1,0,0,1
OK5927_89,Year3,OK,852,0.26,0.02,0,5.6,1.24,Game trail,State,WA DNR,NA,NA,NA,1,1,0,1,0,1
OK5930_72,Year1,OK,869,0.01,0.08,0.04,5.2,1.75,Game trail,State,WA DNR,NA,NA,NA,1,1,0,1,0,1
OK5936_59,Year3,OK,578,0,0,0,6.09,1.75,Decommissioned road,Private,Private,NA,NA,NA,0,0,0,0,0,0
OK6033_73,Year2,OK,434,0.02,0,0,4.25,1.81,Decommissioned road,Private,Private,NA,NA,NA,0,0,0,0,0,0
OK6102_57,Year3,OK,513,0,0,0.02,5.61,1.46,Game trail,Private,Private,NA,NA,NA,0,0,0,0,0,0
OK6192_97,Year2,OK,1308,0.28,0,0.09,4.82,1.77,Game trail,Federal,USFS,NA,NA,NA,0,1,0,0,0,0
OK6198_46,Year1,OK,530,0,0,0,6.3,2.1,Game trail,Private,Private,NA,NA,NA,0,0,0,0,0,0
OK6276_87,Year2,OK,1229,0.97,0,0,7.2,1.99,Game trail,Federal,USFS,LOOKOUT MOUNTAIN,ACTIVE,YES,0,1,1,0,0,1
OK6286_52,Year2,OK,982,0.24,0,0,10,1.25,Game trail,Federal,USFS,LOOKOUT MOUNTAIN,ACTIVE,YES,0,1,1,0,0,1
OK6299_86,Year1,OK,776,0,0,0,5,2.4,Game trail,Federal,USFS,BENSON,ACTIVE,YES,0,1,1,0,0,1
OK6316_62,Year1,OK,867,0,0.47,0.18,5.1,0.75,Game trail,State,WDFW,NA,NA,NA,0,1,0,0,1,1
OK6317_73,Year1,OK,844,0,0,0,6,0.9,Game trail,State,WDFW,NA,NA,NA,0,1,0,0,1,1
OK6377_A,Year3,OK,1330,0.2,0,0.02,5.4,2.08,Game trail,Federal,USFS,LOOKOUT MOUNTAIN,ACTIVE,YES,0,1,1,0,0,1
OK6406_C,Year3,OK,733,0,0,0.02,4.93,0.79,Game trail,Private,Private,NA,NA,NA,0,0,0,0,0,0
OK6473_61,Year2,OK,1170,0.06,0,0.05,8.9,1.91,Game trail,Federal,USFS,LOOKOUT MOUNTAIN,ACTIVE,YES,0,1,1,0,0,1
OK6477_77,Year2,OK,944,0.29,0,0,8.83,1.2,Game trail,Federal,USFS,LOOKOUT MOUNTAIN,ACTIVE,YES,0,1,1,0,0,1
OK6480_117,Year3,OK,1198,0.22,0,0,3.1,1.97,Game trail,Federal,USFS,NA,NA,NA,0,1,0,0,0,0
OK6482_89,Year3,OK,582,0.01,0,0.02,11.84,2.11,Game trail,State,WDFW,NA,NA,NA,0,1,0,0,0,0
OK6560_59,Year3,OK,1956,0.41,0,0,7.88,2.86,Game trail,Federal,USFS,BUTTERMILK,VACANT,NO,0,1,0,0,0,0
OK6562_66,Year1,OK,1692,1,0,0,5.7,0.95,Game trail,Federal,USFS,BUTTERMILK,VACANT,NO,0,1,0,0,0,0
OK6576_52,Year1,OK,953,0.15,0,0,2.6,1.65,Game trail,Federal,USFS,NA,NA,NA,0,1,0,0,0,0
OK6576_64,Year1,OK,953,0.14,0,0,5.1,2.8,Game trail,Federal,USFS,NA,NA,NA,0,1,0,0,0,0
OK6584_Rx20,Year3,OK,847,0.01,0,0.04,6.45,2.42,Closed road,Federal,USFS,BENSON,ACTIVE,YES,0,1,1,0,0,1
OK6590_80,Year2,OK,907,0.35,0.05,0,5.32,2.11,Game trail,Federal,USFS,BENSON,ACTIVE,YES,0,1,1,0,0,1
OK6597_41,Year2,OK,771,0,0,0,6.9,0.64,Closed road,Private,Private,NA,NA,NA,0,0,0,0,0,0
OK6659_B,Year3,OK,1519,0.93,0,0,5.11,2.61,Game trail,Federal,USFS,BUTTERMILK,VACANT,NO,0,1,0,0,0,0
OK6771_16,Year1,OK,531,0.01,0,0,4,3,Dirt road,Private,Private,NA,NA,NA,0,0,0,0,0,0
OK6948_108,Year3,OK,1750,0.96,0,0,5.04,2.45,Game trail,Federal,USFS,BUTTERMILK,VACANT,NO,0,1,0,0,0,0
OK6956_77,Year1,OK,1140,0.26,0.16,0.16,3.8,2.2,Dirt road,Federal,USFS,LOOKOUT MOUNTAIN,ACTIVE,YES,0,1,1,0,0,1
OK7073_80,Year3,OK,1066,0.04,0.41,0,6.57,2.57,Dirt road,Federal,USFS,BENSON,ACTIVE,YES,0,1,1,0,0,1
OK7142_61,Year3,OK,1506,0.88,0,0.07,7.97,2.72,Decommissioned road,Federal,USFS,BUTTERMILK,VACANT,NO,0,1,0,0,0,0
OK7151_86,Year3,OK,704,0,0,0,5.09,2.28,Game trail,State,WA DNR,NA,NA,NA,1,1,0,1,0,1
OK7165_90,Year1,OK,1078,0.69,1.07,0,5.9,1.9,Game trail,Federal,USFS,BENSON,ACTIVE,YES,0,1,1,0,0,1
OK7237_99,Year1,OK,1462,0.92,0,0,6.2,2.8,Trail,Federal,USFS,BUTTERMILK,VACANT,NO,0,1,0,0,0,0
OK7250_31,Year2,OK,714,0,0,0,3,0.98,Game trail,State,WA DNR,NA,NA,NA,1,1,0,1,0,1
OK7270_1,Year2,OK,944,0,0.02,0,8.1,1.37,Closed road,Private,Private,NA,NA,NA,0,0,0,0,0,0
OK7350_12,Year2,OK,894,0,0,0.14,10.46,0.91,Decommissioned road,State,WA DNR,NA,NA,NA,1,1,0,1,0,1
OK7371_41,Year1,OK,472,0,0.01,0,5.37,1.4,Game trail,Private,Private,NA,NA,NA,0,0,0,0,0,0
OK7439_126,Year1,OK,810,0,0,0,5.9,1.1,Game trail,Federal,USFS,BUTTERMILK,VACANT,NO,0,1,0,0,0,0
OK7440_123,Year1,OK,715,0.07,0,0,6.2,1.9,Game trail,Federal,USFS,NA,NA,NA,0,1,0,0,0,0
OK7470_45,Year2,OK,367,0,0,0,4.53,1.73,Game trail,Private,Private,NA,NA,NA,0,0,0,0,0,0
OK7536_38,Year2,OK,590,0,0,0.11,9.36,1.65,Game trail,Federal,USFS,BUTTERMILK,VACANT,NO,0,1,0,0,0,0
OK7545_51,Year2,OK,1090,0,0,0,5.9,1.74,Game trail,Private,Private,NA,NA,NA,0,0,0,0,0,0
OK7623_99,Year2,OK,1064,0.76,0,0,6.73,2.77,Game trail,Federal,USFS,BUTTERMILK,VACANT,NO,0,1,0,0,0,0
OK7658_43,Year1,OK,489,0,0,0,2.4,1.2,Game trail,Private,Private,NA,NA,NA,0,0,0,0,0,0
OK7732_132,Year3,OK,521,0,0.1,0,9.2,2.18,Game trail,State,WA DNR,NA,NA,NA,1,1,0,1,0,1
OK7813_Rx16,Year3,OK,1630,1,0,0,7.17,3.1,Game trail,Federal,USFS,NA,NA,NA,0,1,0,0,0,0
OK7825_125,Year1,OK,853,0,0,0.02,4.75,2,Decommissioned road,State,WA DNR,NA,NA,NA,1,1,0,1,0,1
OK7945_45,Year1,OK,430,0.06,0.23,0,7.1,1.8,Game trail,Private,Private,NA,NA,NA,0,0,0,0,0,0
OK8036_101,Year1,OK,803,0,0,0,4.9,0.81,Dirt road,Private,Private,NA,NA,NA,0,0,0,0,0,0
OK8107_42,Year3,OK,980,0.78,0,0,7.47,1.55,Game trail,Federal,USFS,HUNTER-MCFARLAND,VACANT,NO,0,1,0,0,0,0
OK8124_121,Year3,OK,595,0,0,0,6.05,2.25,Game trail,Private,Private,NA,NA,NA,0,0,0,0,0,0
OK8125_76,Year1,OK,756,0,0,0.05,5,2.2,Game trail,State,WA DNR,NA,NA,NA,1,1,0,1,0,1
OK8127_125,Year3,OK,829,0,0.41,0,3.47,1.1,Game trail,Private,Private,NA,NA,NA,0,0,0,0,0,0
OK8225_62,Year3,OK,720,0,0,0,6.82,2.37,Game trail,State,WDFW,NA,NA,NA,0,1,0,0,0,0
OK8226_103,Year2,OK,672,0,0,0.04,8,1.44,Dirt road,State,WDFW,NA,NA,NA,0,1,0,0,0,0
OK8234_102,Year3,OK,419,0,0,0,6.55,1.76,Game trail,Private,Private,NA,NA,NA,0,0,0,0,0,0
OK8240_76,Year2,OK,344,0,0,0,3.48,0.42,Game trail,Private,Private,NA,NA,NA,1,0,0,0,0,0
OK8302_71,Year3,OK,1028,0.01,0,0,7.33,1.78,Game trail,Federal,USFS,HUNTER-MCFARLAND,VACANT,NO,0,1,0,0,0,0
OK8420_71,Year2,OK,452,0.01,0,0.22,6.29,2.38,Game trail,State,WDFW,NA,NA,NA,0,1,0,0,0,0
OK8607_57,Year1,OK,643,0,0,0,9.75,1.6,Game trail,State,WDFW,NA,NA,NA,0,1,0,0,0,0
OK8794_106,Year1,OK,354,0,0,0,NA,NA,Game trail,Federal,BLM,NA,NA,NA,0,1,0,0,0,0
OK9174_70,Year3,OK,1023,0,0,0,9.49,2.18,Decommissioned road,Federal,USFS,HUNTER-MCFARLAND,VACANT,NO,0,1,0,0,0,0
